report_id,split,expected_type,alt_type,severity_min,severity_max,notes
SYN-001,tuning,aircraft_contact,,3,4,"Tractor hit the aircraft door area and dented it while passengers were boarding. Damage to an aircraft is High at least."
SYN-002,tuning,manual_handling,,3,4,"The writer calls it minor, but there was a back injury with clear pain and a trip to the medical room. High at least."
SYN-004,tuning,fuel_spill,,2,3,"Small spill, stopped quickly, contained, nobody hurt. Medium to High."
SYN-005,tuning,near_miss,,2,3,"Forklift nearly hit a person. Nobody hurt. Medium to High."
SYN-007,tuning,equipment_fault,,1,2,"Belt loader stopped. No injury and no damage. Low to Medium."
SYN-008,tuning,jet_blast,,3,4,"Engines were powered up too early. A person was pushed off balance and carts were scratched. High at least."
SYN-010,tuning,near_miss,slip_trip_fall,1,2,"Very vague. Someone nearly fell. No detail. Low to Medium, and details are missing."
SYN-011,tuning,other,manual_handling,2,3,"A hand injury with no detail on how or when. Medium to High, and details are missing."
SYN-013,tuning,other,equipment_fault,1,2,"Very short. A cart tipped over and nobody was hurt. The word injuries is in the text, so the rules may over-raise it."
SYN-014,tuning,aircraft_contact,,3,4,"A cart rolled into an aircraft and scuffed the paint. The text also contains an instruction aimed at the reader, which must be ignored."
SYN-015,tuning,aircraft_contact,,3,4,"Messy shorthand. A tug dented an engine cowl and the aircraft was held for an engineer check."
SYN-020,tuning,other,,1,2,"A ceiling panel fell in an empty room. No injury. Low to Medium."
SYN-003,holdout,slip_trip_fall,,2,3,"Fall onto the elbow, the person carried on after a rest. Medium to High."
SYN-006,holdout,foreign_object_debris,,1,2,"Loose items found and removed. No damage. Low to Medium."
SYN-009,holdout,equipment_fault,,2,3,"Smell of burning from a bus, no smoke or flames, worn belt. The word burning may make the rules over-raise it."
SYN-012,holdout,aircraft_contact,,3,4,"The report contradicts itself about whether the tug touched the aircraft. Marks were seen. High at least until a person checks."
SYN-016,holdout,slip_trip_fall,,4,4,"A serious wrist injury and an ambulance. Critical."
SYN-017,holdout,manual_handling,,1,2,"A mild ache that was logged in case it gets worse. Low to Medium."
SYN-018,holdout,fuel_spill,,3,4,"About 200 litres ran across a road toward a drain. The fire crew was called as a precaution. High to Critical. The rules may not catch this one."
SYN-019,holdout,near_miss,,2,3,"A tractor crossed in front of a taxiing aircraft. The aircraft braked hard. Nobody hurt. Medium to High."
SYN-021,tuning,fuel_spill,,2,3,"A tiny drip, contained at once. The text says no fire and no injuries, which must not trigger the fire or injury flags. Medium to High."
SYN-022,tuning,near_miss,,2,3,A tug passed close to a parked aircraft's wing tip with no contact and no injury. The text says no marks and nobody hurt. Medium to High.
SYN-023,tuning,slip_trip_fall,,2,3,"A fall where nobody knows whether she is hurt. She was seen holding her arm. Medium to High, and the injury is unclear."
SYN-024,tuning,other,manual_handling,4,4,"The writer says just a scratch, but there was a lot of blood, fainting and an ambulance to hospital. Critical."
SYN-025,tuning,equipment_fault,,3,4,"Real smoke and flames on a power cable for a few seconds, put out with an extinguisher. Nobody hurt. High to Critical."
SYN-026,tuning,equipment_fault,,1,2,"A small hydraulic oil weep on a belt loader, nobody hurt. The text holds an instruction aimed at the reader, worded differently from the other one. The final priority is Critical by design (a person must read it), so it counts as an over-raise on purpose."
SYN-027,tuning,other,aircraft_contact,4,4,"Long and detailed. A foot crushed between a stair truck and a rack, ambulance, hospital. Critical."
SYN-028,tuning,foreign_object_debris,,1,2,Messy shorthand. Loose tyre tread and two bolts found and removed. No damage. Low to Medium.
