type_id,position,item
aircraft_contact,1,"Check the aircraft has been looked at by a qualified person before it moves again."
aircraft_contact,2,"Check who was in the area and that their details are recorded."
aircraft_contact,3,"Check photos, the time and the exact place were recorded."
aircraft_contact,4,"Check the equipment involved has been made safe."
manual_handling,1,"Check the person has been seen by a first aider or medical staff."
manual_handling,2,"Check the weight, the task and the equipment used were recorded."
manual_handling,3,"Check whether similar tasks need a second look."
manual_handling,4,"Check witnesses and the time were recorded."
slip_trip_fall,1,"Check the person has been seen by a first aider or medical staff."
slip_trip_fall,2,"Check the hazard (wet floor, strap, uneven ground) has been removed or marked."
slip_trip_fall,3,"Check photos of the spot were taken."
slip_trip_fall,4,"Check who was there and the time were recorded."
fuel_spill,1,"Check the spill has been stopped and contained."
fuel_spill,2,"Check the size of the spill and where it ran were recorded."
fuel_spill,3,"Check possible sources of ignition nearby were considered."
fuel_spill,4,"Check anyone who was exposed has been looked at."
near_miss,1,"Check what happened and who was close were recorded."
near_miss,2,"Check what stopped it becoming worse was recorded."
near_miss,3,"Check whether the layout or the routine needs a second look."
foreign_object_debris,1,"Check where and when the item was found were recorded."
foreign_object_debris,2,"Check whether any aircraft or vehicle passed the spot before it was found."
foreign_object_debris,3,"Check where the item may have come from."
equipment_fault,1,"Check the equipment has been taken out of use and tagged."
equipment_fault,2,"Check what failed and when were recorded."
equipment_fault,3,"Check whether anyone was close when it failed."
jet_blast,1,"Check anyone near the blast area has been looked at."
jet_blast,2,"Check the equipment and the area for damage."
jet_blast,3,"Check how the all-clear steps were followed."
jet_blast,4,"Check where people and equipment were at the time."
other,1,"Check what happened, when and where were recorded."
other,2,"Check anyone involved has been looked at."
other,3,"Check whether anything needs to be made safe."
