group,keyword,floor,reason
fire_smoke,fire,4,"mentions fire or smoke"
fire_smoke,flames,4,"mentions fire or smoke"
fire_smoke,smoke,4,"mentions fire or smoke"
fire_smoke,explosion,4,"mentions fire or smoke"
fire_smoke,burning,4,"mentions fire or smoke"
serious_injury,hospital,4,"mentions a sign of a serious injury"
serious_injury,ambulance,4,"mentions a sign of a serious injury"
serious_injury,unconscious,4,"mentions a sign of a serious injury"
serious_injury,fractur,4,"mentions a sign of a serious injury"
serious_injury,broken bone,4,"mentions a sign of a serious injury"
serious_injury,lost consciousness,4,"mentions a sign of a serious injury"
serious_injury,amputat,4,"mentions a sign of a serious injury"
injury,injur,3,"mentions an injury"
injury,hurt,3,"mentions an injury"
injury,pain,3,"mentions an injury"
injury,bleed,3,"mentions an injury"
injury,sprain,3,"mentions an injury"
injury,strain,3,"mentions an injury"
injury,bruis,3,"mentions an injury"
injury,felt something go,3,"mentions an injury"
fuel_leak,fuel leak,3,"mentions a fuel leak or spill"
fuel_leak,fuel spill,3,"mentions a fuel leak or spill"
fuel_leak,spilt fuel,3,"mentions a fuel leak or spill"
fuel_leak,leaking fuel,3,"mentions a fuel leak or spill"
fuel_leak,fuel dripping,3,"mentions a fuel leak or spill"
fuel_leak,fuel spilled,3,"mentions a fuel leak or spill"
aircraft_damage,dent,3,"mentions damage to an aircraft"
aircraft_damage,scrape,3,"mentions damage to an aircraft"
aircraft_damage,scuff,3,"mentions damage to an aircraft"
aircraft_damage,gouge,3,"mentions damage to an aircraft"
aircraft_damage,collided,3,"mentions damage to an aircraft"
aircraft_damage,hit the aircraft,3,"mentions damage to an aircraft"
aircraft_damage,damage to the aircraft,3,"mentions damage to an aircraft"
jet_blast,jet blast,3,"mentions jet blast"
jet_blast,engine blast,3,"mentions jet blast"
jet_blast,blown over,3,"mentions jet blast"
jet_blast,the blast,3,"mentions jet blast"
near_miss,near miss,2,"mentions a near miss"
near_miss,nearly hit,2,"mentions a near miss"
near_miss,almost hit,2,"mentions a near miss"
near_miss,close call,2,"mentions a near miss"
near_miss,narrowly,2,"mentions a near miss"
equipment_fault,faulty,2,"mentions an equipment fault"
equipment_fault,stopped working,2,"mentions an equipment fault"
equipment_fault,would not restart,2,"mentions an equipment fault"
equipment_fault,brake failure,2,"mentions an equipment fault"
equipment_fault,broke down,2,"mentions an equipment fault"
